<?xml version="1.0" encoding="utf-8"?><pluginstrument><aircraft>Generic</aircraft><type>Gi-275 HSI</type><uuid>adf50f27-dbe1-4592-1f79-e1389838d7ad</uuid><author>Norm Hortman</author><description>Gi-275 HSI version</description><compatibleFSX>false</compatibleFSX><compatibleP3D>false</compatibleP3D><compatibleXPL>false</compatibleXPL><compatibleFS2>false</compatibleFS2><compatibleFS2020>true</compatibleFS2020><compatibleFS2024>false</compatibleFS2024><version>1</version><configVersion>0</configVersion><pluginInterfaceVersion>100</pluginInterfaceVersion><prefWidth>320</prefWidth><prefHeight>320</prefHeight><source>UNKNOWN</source><platforms><platform>WINDOWS</platform><platform>MAC</platform><platform>LINUX</platform><platform>RASPBERRY_PI</platform><platform>ANDROID</platform><platform>IPAD</platform><platform>ESP32</platform><platform>ARDUINO</platform></platforms><tiers><tier>HOME_USE_STANDARD</tier></tiers></pluginstrument>