<?xml version="1.0" encoding="utf-8"?><pluginstrument><aircraft>Generic</aircraft><type>Garmin GFC 500 autopilot </type><uuid>c154321a-72e7-44bd-8c39-7dc86b1c66c6</uuid><author>Sim Innovations </author><description>Made by SIMSTRUMENTATION - https://simstrumentation.com

GFC 500 Autopilot module

Version info:
- **v1.14** - 2023-06-1
    - VNAV for Vision Jet V2 (AAU 1 G3000) fixed
- **v1.13** - 2022-12-31
    - Minor graphic correction
- **v1.12** - 2022-12-21
    - Minor graphic correction
- - **v1.11** - 2022-12-21
    - VNAV for Vision Jet added    
- **v1.1** - 2022-12-20
    - Graphics update
    - Added backlighting
- **v1.0** - 2022-12-11

NOTES: 
- Should work in most aircraft with a GFC500 or similar autopilot. 
- Yaw Damper button can be hidden or shown to match your plane's AP module via 
   user property
- Thumb wheel can be selected to work with Knobster from user property
</description><compatibleFSX>false</compatibleFSX><compatibleP3D>false</compatibleP3D><compatibleXPL>false</compatibleXPL><compatibleFS2>false</compatibleFS2><compatibleFS2020>true</compatibleFS2020><compatibleFS2024>true</compatibleFS2024><version>115</version><configVersion>1</configVersion><pluginInterfaceVersion>100</pluginInterfaceVersion><prefWidth>687</prefWidth><prefHeight>255</prefHeight><source>ONLINE</source><platforms><platform>WINDOWS</platform><platform>MAC</platform><platform>LINUX</platform><platform>RASPBERRY_PI</platform><platform>ANDROID</platform><platform>IPAD</platform><platform>ESP32</platform></platforms><tiers><tier>HOME_USE_STANDARD</tier></tiers></pluginstrument>